"Data","Último","Abertura","Máxima","Mínima","Vol.","Var%"
"12.04.2024","4,98","5,01","5,04","4,98","211,40K","-0,40%"
"11.04.2024","5,00","4,99","5,03","4,97","217,90K","0,20%"
"10.04.2024","4,99","5,01","5,05","4,96","239,30K","-0,40%"
"09.04.2024","5,01","5,01","5,05","4,97","358,30K","0,00%"
"08.04.2024","5,01","4,94","5,01","4,90","218,30K","1,21%"
"05.04.2024","4,95","4,98","5,00","4,89","188,10K","0,00%"
"04.04.2024","4,95","4,92","5,02","4,91","249,60K","1,02%"
"03.04.2024","4,90","5,00","5,02","4,90","156,20K","-2,39%"
"02.04.2024","5,02","5,03","5,03","4,94","251,40K","-0,59%"
"01.04.2024","5,05","5,05","5,08","4,97","316,90K","0,20%"
"28.03.2024","5,04","5,04","5,07","5,00","274,40K","0,60%"
"27.03.2024","5,01","4,95","5,08","4,95","278,80K","1,21%"
"26.03.2024","4,95","4,82","4,97","4,80","334,70K","2,70%"
"25.03.2024","4,82","4,89","4,91","4,78","157,40K","-1,43%"
"23.03.2024","4,89","4,89","4,89","4,89","","0,82%"
"22.03.2024","4,85","4,98","4,99","4,83","248,30K","-2,81%"
"21.03.2024","4,99","4,94","5,05","4,94","396,30K","1,01%"
"20.03.2024","4,94","4,86","4,94","4,85","307,20K","1,65%"
"19.03.2024","4,86","4,78","5,02","4,77","544,50K","1,67%"
"18.03.2024","4,78","4,62","4,79","4,60","639,80K","3,46%"
"15.03.2024","4,62","4,54","4,64","4,52","341,50K","1,54%"
"14.03.2024","4,55","4,54","4,56","4,49","224,00K","0,89%"
"13.03.2024","4,51","4,47","4,55","4,44","268,30K","0,89%"
"12.03.2024","4,47","4,39","4,48","4,36","375,70K","2,05%"
"11.03.2024","4,38","4,40","4,45","4,37","336,70K","-0,45%"
"08.03.2024","4,40","4,47","4,51","4,32","796,30K","-1,57%"
"07.03.2024","4,47","4,41","4,48","4,39","325,60K","1,36%"
"06.03.2024","4,41","4,47","4,48","4,40","461,60K","-1,34%"
"05.03.2024","4,47","4,48","4,52","4,44","340,80K","-0,22%"
"04.03.2024","4,48","4,48","4,50","4,45","340,70K","0,00%"
"01.03.2024","4,48","4,51","4,56","4,48","240,50K","-0,67%"
"29.02.2024","4,51","4,53","4,55","4,48","293,00K","-0,44%"
"28.02.2024","4,53","4,50","4,57","4,48","433,90K","0,67%"
"27.02.2024","4,50","4,39","4,51","4,39","597,00K","2,51%"
"26.02.2024","4,39","4,34","4,43","4,32","467,80K","0,92%"
"23.02.2024","4,35","4,37","4,41","4,33","249,90K","-0,46%"
"22.02.2024","4,37","4,32","4,41","4,32","479,30K","1,16%"
"21.02.2024","4,32","4,35","4,37","4,30","315,60K","-0,69%"
"20.02.2024","4,35","4,26","4,35","4,25","422,10K","2,11%"
"19.02.2024","4,26","4,34","4,34","4,26","228,80K","-1,84%"
"16.02.2024","4,34","4,28","4,35","4,28","393,50K","1,75%"
"15.02.2024","4,27","4,21","4,27","4,21","238,40K","1,42%"
"14.02.2024","4,21","4,23","4,24","4,16","407,20K","-0,24%"
"09.02.2024","4,22","4,26","4,29","4,22","416,90K","-0,93%"
"08.02.2024","4,26","4,31","4,36","4,25","490,40K","-0,46%"
"07.02.2024","4,28","4,29","4,35","4,25","790,10K","-0,23%"
"06.02.2024","4,29","4,20","4,31","4,20","419,10K","2,13%"
"05.02.2024","4,20","4,17","4,25","4,08","735,00K","0,71%"
"02.02.2024","4,17","4,19","4,22","4,15","460,20K","-0,47%"
"01.02.2024","4,19","4,24","4,27","4,18","537,00K","-1,17%"
"31.01.2024","4,24","4,24","4,30","4,24","541,00K","0,00%"
"30.01.2024","4,24","4,25","4,29","4,24","471,70K","-0,23%"
"29.01.2024","4,25","4,35","4,35","4,21","776,90K","-2,28%"
"26.01.2024","4,34","4,32","4,39","4,30","250,20K","0,46%"
"25.01.2024","4,32","4,31","4,36","4,29","316,00K","0,23%"
"24.01.2024","4,31","4,33","4,35","4,29","318,50K","-0,23%"
"23.01.2024","4,32","4,26","4,33","4,25","264,90K","1,63%"
"22.01.2024","4,26","4,30","4,32","4,24","377,40K","-1,15%"
"19.01.2024","4,30","4,28","4,35","4,22","380,50K","1,40%"
"18.01.2024","4,25","4,36","4,38","4,25","575,30K","-2,73%"
"17.01.2024","4,36","4,38","4,39","4,34","464,80K","-0,23%"
"16.01.2024","4,37","4,47","4,47","4,36","571,00K","-2,22%"
"15.01.2024","4,47","4,45","4,47","4,42","325,10K","0,45%"
"12.01.2024","4,45","4,40","4,50","4,40","391,00K","1,81%"
"11.01.2024","4,37","4,42","4,42","4,36","261,70K","-1,12%"
"10.01.2024","4,42","4,40","4,42","4,35","359,30K","0,45%"
"09.01.2024","4,40","4,43","4,43","4,37","266,10K","-0,22%"
"08.01.2024","4,41","4,36","4,43","4,35","418,60K","1,37%"
"05.01.2024","4,35","4,36","4,39","4,30","340,70K","-0,23%"
"04.01.2024","4,36","4,40","4,40","4,33","280,00K","-0,45%"
"03.01.2024","4,38","4,28","4,40","4,28","366,90K","1,61%"
"02.01.2024","4,31","4,38","4,42","4,31","445,30K","-1,58%"
"28.12.2023","4,38","4,38","4,41","4,37","236,10K","0,23%"
"27.12.2023","4,37","4,36","4,38","4,33","483,90K","0,23%"
"26.12.2023","4,36","4,34","4,40","4,34","939,00K","0,46%"
"22.12.2023","4,34","4,35","4,39","4,32","620,70K","0,48%"
"21.12.2023","4,32","4,28","4,33","4,24","561,50K","1,15%"
"20.12.2023","4,27","4,24","4,28","4,21","446,90K","0,93%"
"19.12.2023","4,24","4,24","4,26","4,21","1,22M","0,00%"
"18.12.2023","4,24","4,29","4,29","4,14","1,58M","-1,15%"
"15.12.2023","4,28","4,33","4,39","4,28","694,40K","-1,14%"
"14.12.2023","4,33","4,30","4,33","4,27","715,90K","0,69%"
"13.12.2023","4,30","4,15","4,30","4,13","683,70K","3,55%"
"12.12.2023","4,16","4,18","4,18","4,12","517,70K","-0,24%"
"11.12.2023","4,17","4,14","4,19","4,11","468,90K","0,95%"
"08.12.2023","4,13","4,12","4,15","4,06","667,80K","0,24%"
"07.12.2023","4,12","4,19","4,22","4,08","873,90K","-1,42%"
"06.12.2023","4,18","4,18","4,24","4,18","509,70K","0,00%"
"05.12.2023","4,18","4,18","4,23","4,15","621,20K","0,00%"
"04.12.2023","4,18","4,22","4,25","4,15","1,23M","-0,93%"
"01.12.2023","4,22","4,47","4,47","4,21","2,49M","-5,93%"
"30.11.2023","4,48","4,64","4,65","4,40","1,20M","-3,40%"
"29.11.2023","4,64","4,60","4,67","4,56","242,30K","0,86%"
"28.11.2023","4,60","4,53","4,60","4,48","308,30K","1,52%"
"27.11.2023","4,53","4,54","4,59","4,53","237,60K","-0,22%"
"24.11.2023","4,54","4,63","4,64","4,53","259,50K","-1,71%"
"23.11.2023","4,62","4,65","4,67","4,59","313,10K","-0,21%"
"22.11.2023","4,63","4,55","4,67","4,54","298,80K","1,73%"
"21.11.2023","4,55","4,54","4,59","4,52","306,90K","0,22%"
"20.11.2023","4,54","4,57","4,60","4,49","389,50K","-0,65%"
"17.11.2023","4,57","4,56","4,60","4,53","309,60K","0,22%"
"16.11.2023","4,56","4,48","4,56","4,47","456,60K","1,98%"
"14.11.2023","4,47","4,45","4,50","4,38","508,30K","0,44%"
"13.11.2023","4,45","4,47","4,49","4,42","323,40K","-0,44%"
"10.11.2023","4,47","4,43","4,51","4,43","278,50K","1,11%"
"09.11.2023","4,42","4,51","4,51","4,42","355,50K","-1,97%"
"08.11.2023","4,51","4,43","4,53","4,40","422,30K","2,69%"
"07.11.2023","4,39","4,31","4,45","4,31","425,10K","1,13%"
"06.11.2023","4,34","4,31","4,41","4,31","455,40K","0,92%"
"03.11.2023","4,30","4,28","4,34","4,24","302,50K","1,39%"
"01.11.2023","4,24","4,22","4,27","4,20","303,70K","0,70%"
"31.10.2023","4,22","4,26","4,27","4,19","335,80K","-0,47%"
"30.10.2023","4,24","4,31","4,33","4,22","426,10K","-1,20%"
"27.10.2023","4,29","4,34","4,39","4,27","528,80K","-1,34%"
"26.10.2023","4,34","4,33","4,38","4,29","421,40K","0,45%"
"25.10.2023","4,33","4,28","4,35","4,20","662,90K","0,91%"
"24.10.2023","4,29","4,34","4,37","4,28","646,30K","-0,90%"
"23.10.2023","4,33","4,41","4,41","4,31","524,50K","-2,20%"
"20.10.2023","4,42","4,52","4,53","4,40","248,20K","-1,73%"
"19.10.2023","4,50","4,48","4,55","4,45","287,60K","-0,86%"
"18.10.2023","4,54","4,65","4,65","4,51","457,50K","-2,30%"
"17.10.2023","4,65","4,62","4,68","4,55","228,00K","1,49%"
"16.10.2023","4,58","4,61","4,64","4,57","256,50K","-0,63%"
"13.10.2023","4,61","4,58","4,64","4,55","259,30K","1,28%"
"11.10.2023","4,55","4,61","4,63","4,55","217,60K","-1,27%"
"10.10.2023","4,61","4,58","4,63","4,55","261,20K","0,85%"
"09.10.2023","4,57","4,62","4,63","4,53","397,00K","-1,05%"
"06.10.2023","4,62","4,58","4,65","4,52","366,10K","0,64%"
"05.10.2023","4,59","4,66","4,68","4,57","246,70K","-1,26%"
"04.10.2023","4,65","4,68","4,69","4,61","291,20K","-0,83%"
"03.10.2023","4,68","4,67","4,72","4,64","409,60K","0,42%"
"02.10.2023","4,67","4,65","4,69","4,60","275,50K","0,84%"
"29.09.2023","4,63","4,58","4,68","4,57","356,20K","1,06%"
"28.09.2023","4,58","4,64","4,66","4,54","347,00K","-1,26%"
"27.09.2023","4,64","4,61","4,66","4,57","198,20K","1,27%"
"26.09.2023","4,58","4,66","4,67","4,58","300,00K","-1,67%"
"25.09.2023","4,66","4,71","4,72","4,65","320,70K","-0,83%"
"22.09.2023","4,69","4,75","4,75","4,68","269,50K","-0,82%"
"21.09.2023","4,73","4,68","4,75","4,65","350,90K","1,04%"
"20.09.2023","4,68","4,57","4,69","4,55","250,00K","2,55%"
"19.09.2023","4,57","4,50","4,58","4,48","244,80K","1,51%"
"18.09.2023","4,50","4,51","4,56","4,49","308,00K","0,22%"
"15.09.2023","4,49","4,49","4,55","4,45","432,80K","0,00%"
"14.09.2023","4,49","4,43","4,49","4,42","381,00K","0,87%"
"13.09.2023","4,45","4,46","4,46","4,41","177,30K","0,66%"
"12.09.2023","4,42","4,38","4,46","4,36","213,40K","0,89%"
"11.09.2023","4,38","4,33","4,40","4,28","362,30K","-1,49%"
"09.09.2023","4,45","4,45","4,45","4,45","","3,58%"
"08.09.2023","4,30","4,36","4,37","4,26","481,80K","-1,56%"
"06.09.2023","4,36","4,47","4,49","4,34","582,90K","-2,39%"
"05.09.2023","4,47","4,52","4,52","4,45","292,90K","-1,08%"
"04.09.2023","4,52","4,48","4,52","4,44","325,20K","-1,74%"
"02.09.2023","4,60","4,60","4,60","4,60","","2,88%"
"01.09.2023","4,47","4,44","4,48","4,40","342,80K","1,32%"
"31.08.2023","4,41","4,45","4,48","4,40","309,60K","-0,87%"
"30.08.2023","4,45","4,52","4,52","4,45","299,80K","-0,87%"
"29.08.2023","4,49","4,48","4,52","4,47","276,50K","0,22%"
"28.08.2023","4,48","4,44","4,48","4,41","328,20K","0,88%"
"25.08.2023","4,44","4,40","4,44","4,38","223,90K","0,88%"
"24.08.2023","4,40","4,42","4,42","4,33","280,60K","0,00%"
"23.08.2023","4,40","4,39","4,42","4,35","239,70K","0,22%"
"22.08.2023","4,39","4,37","4,39","4,34","197,80K","0,44%"
"21.08.2023","4,37","4,39","4,39","4,30","386,80K","-0,44%"
"18.08.2023","4,39","4,43","4,43","4,36","319,30K","0,00%"
"17.08.2023","4,39","4,38","4,41","4,35","401,80K","0,22%"
"16.08.2023","4,38","4,37","4,46","4,34","379,00K","0,22%"
"15.08.2023","4,37","4,47","4,47","4,37","382,40K","-2,17%"
"14.08.2023","4,47","4,42","4,47","4,36","352,30K","1,55%"
"11.08.2023","4,40","4,36","4,41","4,34","227,40K","0,89%"
"10.08.2023","4,36","4,38","4,42","4,34","215,50K","0,00%"
"09.08.2023","4,36","4,45","4,45","4,31","471,00K","-1,54%"
"08.08.2023","4,43","4,48","4,48","4,41","495,30K","-1,30%"
"07.08.2023","4,49","4,51","4,53","4,47","350,30K","0,19%"
"04.08.2023","4,48","4,46","4,54","4,41","618,10K","0,43%"
"03.08.2023","4,46","4,36","4,50","4,34","586,50K","2,43%"
"02.08.2023","4,36","4,38","4,41","4,30","663,30K","-0,44%"
"01.08.2023","4,38","4,41","4,51","4,35","747,60K","-0,66%"
"31.07.2023","4,41","4,38","4,44","4,36","664,10K","0,66%"
"28.07.2023","4,38","4,35","4,38","4,31","259,00K","0,66%"
"27.07.2023","4,35","4,23","4,36","4,23","246,20K","2,73%"
"26.07.2023","4,23","4,21","4,28","4,17","735,40K","0,46%"
"25.07.2023","4,21","4,18","4,27","4,16","297,60K","0,69%"
"24.07.2023","4,18","4,06","4,20","4,03","547,20K","2,59%"
"21.07.2023","4,08","4,08","4,11","4,04","347,40K","0,24%"
"20.07.2023","4,07","4,05","4,09","4,03","357,40K","0,48%"
"19.07.2023","4,05","4,15","4,15","4,02","633,20K","-2,32%"
"18.07.2023","4,15","4,16","4,16","4,12","181,80K","-0,23%"
"17.07.2023","4,16","4,14","4,16","4,08","422,70K","0,23%"
"14.07.2023","4,15","4,16","4,17","4,12","342,10K","-0,46%"
"13.07.2023","4,16","4,13","4,18","4,12","189,60K","0,93%"
"12.07.2023","4,13","4,19","4,20","4,13","372,20K","-1,61%"
"11.07.2023","4,19","4,18","4,20","4,14","229,60K","0,23%"
"10.07.2023","4,18","4,26","4,26","4,18","256,90K","-1,58%"
"07.07.2023","4,25","4,25","4,27","4,18","198,70K","1,14%"
"06.07.2023","4,20","4,18","4,24","4,10","765,30K","-0,46%"
"05.07.2023","4,22","4,27","4,27","4,20","328,70K","-1,13%"
"04.07.2023","4,27","4,21","4,28","4,20","447,20K","1,37%"
"03.07.2023","4,21","4,20","4,27","4,20","441,90K","0,23%"
"30.06.2023","4,20","4,18","4,24","4,16","357,50K","0,69%"
"29.06.2023","4,17","4,18","4,20","4,14","413,10K","0,23%"
"28.06.2023","4,16","4,27","4,30","4,16","349,60K","-2,04%"
"27.06.2023","4,25","4,30","4,33","4,24","391,90K","-0,90%"
"26.06.2023","4,29","4,41","4,41","4,28","466,40K","-2,19%"
"23.06.2023","4,39","4,36","4,42","4,33","231,20K","0,44%"
"22.06.2023","4,37","4,37","4,39","4,27","362,60K","0,00%"
"21.06.2023","4,37","4,51","4,52","4,36","515,40K","-2,58%"
"20.06.2023","4,48","4,46","4,48","4,39","372,90K","0,43%"
"19.06.2023","4,46","4,48","4,50","4,37","403,00K","-0,43%"
"16.06.2023","4,48","4,57","4,59","4,44","442,80K","-1,89%"
"15.06.2023","4,57","4,41","4,59","4,38","368,60K","3,49%"
"14.06.2023","4,41","4,29","4,46","4,29","480,50K","2,91%"
"13.06.2023","4,29","4,28","4,36","4,27","295,20K","0,22%"
"12.06.2023","4,28","4,21","4,30","4,19","369,70K","1,37%"
"09.06.2023","4,22","4,26","4,28","4,17","572,20K","-0,90%"
"07.06.2023","4,26","4,28","4,29","4,22","310,70K","-0,45%"
"06.06.2023","4,28","4,23","4,28","4,19","365,20K","1,14%"
"05.06.2023","4,23","4,22","4,25","4,19","243,90K","1,15%"
"02.06.2023","4,18","4,10","4,26","4,10","550,40K","2,35%"
"01.06.2023","4,09","4,15","4,17","4,04","624,90K","-1,16%"
"31.05.2023","4,14","4,24","4,26","4,14","257,40K","-2,49%"
"30.05.2023","4,24","4,18","4,24","4,17","672,00K","1,61%"
"29.05.2023","4,17","4,33","4,33","4,16","266,00K","-2,25%"
"26.05.2023","4,27","4,16","4,29","4,16","768,10K","2,78%"
"25.05.2023","4,16","4,18","4,21","4,14","251,60K","0,00%"
"24.05.2023","4,16","4,23","4,25","4,14","303,50K","-2,04%"
"23.05.2023","4,24","4,28","4,41","4,21","690,50K","-0,90%"
"22.05.2023","4,28","4,28","4,29","4,19","368,30K","0,45%"
"19.05.2023","4,26","4,18","4,30","4,18","473,50K","2,31%"
"18.05.2023","4,16","4,00","4,18","4,00","1,24M","4,34%"
"17.05.2023","3,99","3,99","4,03","3,96","715,10K","0,48%"
"16.05.2023","3,97","4,10","4,13","3,97","405,00K","-3,05%"
"15.05.2023","4,10","3,88","4,13","3,88","1,00M","6,77%"
"12.05.2023","3,84","3,86","3,90","3,84","286,90K","-0,50%"
"11.05.2023","3,86","3,90","3,91","3,84","345,00K","-1,23%"
"10.05.2023","3,90","3,90","3,94","3,86","395,50K","0,74%"
"09.05.2023","3,88","3,90","3,90","3,85","347,50K","-0,49%"
"08.05.2023","3,90","3,86","3,91","3,85","422,80K","-4,53%"
"06.05.2023","4,08","4,08","4,08","4,08","","6,60%"
"05.05.2023","3,83","3,78","3,87","3,71","658,30K","1,50%"
"04.05.2023","3,77","3,81","3,83","3,74","489,90K","-0,99%"
"03.05.2023","3,81","3,67","3,86","3,66","1,76M","4,68%"
"02.05.2023","3,64","3,64","3,69","3,61","560,60K","0,00%"
"28.04.2023","3,64","3,50","3,66","3,50","1,26M","4,90%"
"27.04.2023","3,47","3,49","3,52","3,46","468,20K","-0,27%"
"26.04.2023","3,48","3,50","3,51","3,45","641,80K","0,00%"
"25.04.2023","3,48","3,52","3,53","3,47","772,60K","-1,08%"
"24.04.2023","3,52","3,53","3,55","3,50","575,20K","0,27%"
"20.04.2023","3,51","3,57","3,57","3,51","900,90K","-1,85%"
"19.04.2023","3,57","3,54","3,57","3,52","745,70K","0,53%"
"18.04.2023","3,55","3,56","3,58","3,52","649,70K","-0,27%"
"17.04.2023","3,56","3,49","3,56","3,48","1,13M","2,45%"
"14.04.2023","3,48","3,54","3,54","3,46","1,19M","-2,39%"
"13.04.2023","3,56","3,57","3,58","3,52","650,00K","-0,26%"
"12.04.2023","3,57","3,54","3,58","3,48","845,90K","1,34%"
"11.04.2023","3,53","3,45","3,54","3,44","876,00K","2,47%"
"10.04.2023","3,44","3,41","3,47","3,38","913,40K","0,83%"
"06.04.2023","3,41","3,41","3,44","3,38","948,40K","1,12%"
"05.04.2023","3,37","3,52","3,52","3,35","1,81M","-3,51%"
"04.04.2023","3,50","3,50","3,53","3,47","645,80K","1,09%"
"03.04.2023","3,46","3,50","3,50","3,41","774,30K","0,55%"
"31.03.2023","3,44","3,50","3,52","3,44","1,15M","-1,36%"
"30.03.2023","3,49","3,47","3,52","3,46","628,80K","0,54%"
"29.03.2023","3,47","3,42","3,50","3,42","592,40K","1,66%"
"28.03.2023","3,41","3,42","3,43","3,38","977,10K","0,28%"
"27.03.2023","3,40","3,47","3,51","3,39","1,24M","-1,64%"
"24.03.2023","3,46","3,45","3,48","3,40","810,70K","0,55%"
"23.03.2023","3,44","3,45","3,52","3,40","1,08M","0,83%"
"22.03.2023","3,41","3,48","3,49","3,38","1,44M","-1,90%"
"21.03.2023","3,48","3,46","3,49","3,43","503,20K","0,82%"
"20.03.2023","3,45","3,47","3,48","3,39","1,33M","-0,27%"
"17.03.2023","3,46","3,42","3,47","3,40","1,03M","1,39%"
"16.03.2023","3,41","3,44","3,46","3,39","2,31M","0,00%"
"15.03.2023","3,41","3,52","3,52","3,38","2,32M","-2,43%"
"14.03.2023","3,50","3,59","3,60","3,47","1,54M","-1,86%"
"13.03.2023","3,56","3,67","3,67","3,56","1,03M","-2,84%"
"10.03.2023","3,67","3,70","3,72","3,64","702,10K","-1,02%"
"09.03.2023","3,70","3,76","3,77","3,70","229,10K","-1,51%"
"08.03.2023","3,76","3,70","3,76","3,70","371,90K","1,53%"
"07.03.2023","3,70","3,73","3,76","3,67","380,60K","-0,76%"
"06.03.2023","3,73","3,74","3,75","3,70","281,90K","-0,25%"
"03.03.2023","3,74","3,75","3,80","3,73","455,50K","-0,25%"
"02.03.2023","3,75","3,73","3,78","3,70","443,20K","0,51%"
"01.03.2023","3,73","3,71","3,75","3,63","595,10K","0,51%"
"28.02.2023","3,71","3,63","3,72","3,62","536,60K","2,34%"
"27.02.2023","3,63","3,63","3,67","3,60","434,30K","0,00%"
"24.02.2023","3,63","3,61","3,63","3,58","349,50K","1,05%"
"23.02.2023","3,59","3,59","3,64","3,55","664,50K","0,53%"
"22.02.2023","3,57","3,67","3,69","3,56","1,09M","-2,58%"
"17.02.2023","3,67","3,76","3,78","3,66","679,20K","-2,02%"
"16.02.2023","3,74","3,73","3,78","3,69","549,90K","0,25%"
"15.02.2023","3,73","3,70","3,74","3,67","491,70K","0,77%"
"14.02.2023","3,70","3,68","3,72","3,58","588,80K","1,36%"
"13.02.2023","3,65","3,66","3,72","3,65","553,70K","-0,25%"
"10.02.2023","3,66","3,62","3,67","3,60","674,30K","2,34%"
"09.02.2023","3,58","3,60","3,68","3,58","968,60K","-0,26%"
"08.02.2023","3,59","3,65","3,65","3,56","1,02M","-0,26%"
"07.02.2023","3,60","3,63","3,64","3,58","662,20K","0,52%"
"06.02.2023","3,58","3,63","3,63","3,55","685,40K","-0,77%"
"03.02.2023","3,61","3,56","3,66","3,48","1,85M","1,84%"
"02.02.2023","3,54","3,65","3,67","3,53","1,41M","-3,05%"
"01.02.2023","3,65","3,65","3,68","3,58","815,80K","0,26%"
"31.01.2023","3,65","3,66","3,72","3,65","944,10K","-0,51%"
"30.01.2023","3,66","3,56","3,67","3,56","830,90K","2,87%"
"27.01.2023","3,56","3,55","3,59","3,54","650,70K","-0,78%"
"26.01.2023","3,59","3,62","3,63","3,49","2,29M","-0,77%"
"25.01.2023","3,62","3,65","3,66","3,59","977,10K","-1,02%"
"24.01.2023","3,65","3,64","3,68","3,60","749,40K","0,51%"
"23.01.2023","3,64","3,68","3,68","3,59","1,35M","0,26%"
"20.01.2023","3,63","3,74","3,74","3,59","1,88M","-2,99%"
"19.01.2023","3,74","3,78","3,79","3,71","578,40K","0,00%"
"18.01.2023","3,74","3,78","3,81","3,72","701,30K","-0,99%"
"17.01.2023","3,78","3,72","3,82","3,70","512,50K","1,50%"
"16.01.2023","3,72","3,71","3,75","3,67","391,80K","0,25%"
"13.01.2023","3,71","3,68","3,71","3,65","475,90K","0,76%"
"12.01.2023","3,68","3,69","3,75","3,67","382,20K","-0,50%"
"11.01.2023","3,70","3,77","3,78","3,64","1,09M","-1,73%"
"10.01.2023","3,77","3,79","3,79","3,74","385,50K","-0,49%"
"09.01.2023","3,79","3,79","3,85","3,77","373,60K","0,00%"
"06.01.2023","3,79","3,85","3,85","3,74","296,70K","-0,97%"
"05.01.2023","3,82","3,81","3,89","3,79","291,20K","0,24%"
"04.01.2023","3,81","3,77","3,87","3,75","348,50K","1,23%"
"03.01.2023","3,77","3,75","3,81","3,68","432,70K","0,50%"
"02.01.2023","3,75","3,71","3,75","3,64","258,60K","0,00%"
"29.12.2022","3,75","3,71","3,75","3,63","369,40K","1,51%"
"28.12.2022","3,69","3,62","3,70","3,61","337,40K","2,06%"
"27.12.2022","3,62","3,58","3,63","3,54","434,30K","1,30%"
"26.12.2022","3,57","3,63","3,63","3,55","426,10K","-1,03%"
"23.12.2022","3,61","3,68","3,68","3,58","753,30K","-2,02%"
"22.12.2022","3,68","3,65","3,69","3,60","427,90K","1,28%"
"21.12.2022","3,64","3,79","3,79","3,62","510,80K","-1,35%"
"20.12.2022","3,69","3,67","3,71","3,61","707,20K","1,28%"
"19.12.2022","3,64","3,75","3,76","3,62","542,70K","-3,21%"
"16.12.2022","3,76","3,77","3,79","3,70","249,70K","-0,25%"
"15.12.2022","3,77","3,79","3,82","3,73","235,00K","-0,49%"
"14.12.2022","3,79","3,81","3,86","3,72","388,40K","1,24%"
"13.12.2022","3,74","3,90","3,96","3,72","455,90K","-4,05%"
"12.12.2022","3,90","3,88","3,92","3,82","369,40K","0,48%"
"09.12.2022","3,88","3,77","3,92","3,76","206,90K","3,21%"
"08.12.2022","3,76","3,85","3,90","3,76","231,50K","-1,70%"
"07.12.2022","3,83","3,88","3,93","3,79","227,80K","-1,44%"
"06.12.2022","3,88","3,74","3,88","3,72","323,90K","3,72%"
"05.12.2022","3,74","3,68","3,74","3,62","393,50K","1,77%"
"02.12.2022","3,68","3,70","3,73","3,56","818,80K","0,25%"
"01.12.2022","3,67","3,70","3,74","3,61","613,20K","1,28%"
"30.11.2022","3,62","3,68","3,72","3,59","985,10K","-2,50%"
"29.11.2022","3,71","3,82","3,86","3,70","853,60K","-2,20%"
"28.11.2022","3,80","3,88","3,88","3,77","416,00K","-2,15%"
"25.11.2022","3,88","3,99","4,01","3,87","380,10K","-2,34%"
"24.11.2022","3,97","3,90","3,97","3,85","221,20K","1,90%"
"23.11.2022","3,90","3,99","3,99","3,88","234,10K","-2,33%"
"22.11.2022","3,99","3,99","4,05","3,96","243,20K","0,00%"
"21.11.2022","3,99","4,13","4,13","3,96","371,20K","-1,60%"
"18.11.2022","4,06","4,09","4,18","3,99","424,70K","-0,68%"
"17.11.2022","4,09","4,20","4,34","3,98","935,20K","-2,65%"
"16.11.2022","4,20","4,38","4,41","4,20","370,70K","-3,62%"
"14.11.2022","4,35","4,46","4,49","4,35","347,70K","-2,29%"
"11.11.2022","4,46","4,20","4,51","4,20","452,50K","6,19%"
"10.11.2022","4,20","4,18","4,27","4,09","874,00K","0,67%"
"09.11.2022","4,17","4,26","4,29","4,17","339,80K","-2,18%"
"08.11.2022","4,26","4,14","4,27","4,14","365,80K","3,38%"
"07.11.2022","4,12","4,17","4,21","4,11","350,20K","-1,11%"
"04.11.2022","4,17","4,13","4,28","4,11","367,60K","0,90%"
"03.11.2022","4,13","4,02","4,14","3,96","432,30K","2,77%"
"01.11.2022","4,02","3,99","4,08","3,95","484,40K","0,96%"
"31.10.2022","3,98","3,95","4,02","3,91","467,30K","-0,45%"
"28.10.2022","4,00","3,91","4,08","3,90","709,20K","2,56%"
"27.10.2022","3,90","3,93","3,98","3,77","963,30K","0,23%"
"26.10.2022","3,89","3,86","3,95","3,84","368,20K","0,47%"
"25.10.2022","3,87","3,86","3,93","3,86","179,50K","0,24%"
"24.10.2022","3,86","3,84","3,95","3,83","483,30K","0,71%"
"21.10.2022","3,84","3,82","3,85","3,76","423,40K","1,20%"
"20.10.2022","3,79","3,77","3,82","3,75","289,80K","0,24%"
"19.10.2022","3,78","3,82","3,82","3,75","200,20K","-0,48%"
"18.10.2022","3,80","3,75","3,83","3,73","479,60K","1,46%"
"17.10.2022","3,75","3,63","3,75","3,62","797,60K","3,78%"
"14.10.2022","3,61","3,61","3,70","3,60","556,50K","0,76%"
"13.10.2022","3,58","3,55","3,65","3,51","431,60K","0,77%"
"11.10.2022","3,55","3,64","3,68","3,55","381,00K","-2,25%"
"10.10.2022","3,64","3,55","3,64","3,54","609,60K","2,56%"
"07.10.2022","3,55","3,54","3,56","3,50","606,00K","0,52%"
"06.10.2022","3,53","3,55","3,55","3,49","364,30K","0,52%"
"05.10.2022","3,51","3,49","3,53","3,47","366,40K","0,52%"
"04.10.2022","3,49","3,59","3,59","3,45","884,10K","0,79%"
"03.10.2022","3,46","3,40","3,46","3,35","718,30K","2,70%"
"30.09.2022","3,37","3,29","3,39","3,23","844,90K","2,49%"
"29.09.2022","3,29","3,38","3,39","3,25","1,09M","-1,90%"
"28.09.2022","3,35","3,34","3,39","3,31","480,80K","0,54%"
"27.09.2022","3,34","3,32","3,40","3,30","878,00K","0,55%"
"26.09.2022","3,32","3,28","3,36","3,24","1,10M","1,11%"
"23.09.2022","3,28","3,38","3,38","3,23","2,38M","-2,70%"
"22.09.2022","3,37","3,35","3,38","3,31","590,70K","0,82%"
"21.09.2022","3,35","3,40","3,41","3,32","1,03M","-1,34%"
"20.09.2022","3,39","3,35","3,39","3,30","886,20K","1,36%"
"19.09.2022","3,35","3,45","3,45","3,30","1,40M","-1,60%"
"16.09.2022","3,40","3,46","3,49","3,36","1,19M","-2,86%"
"15.09.2022","3,50","3,49","3,51","3,45","394,40K","0,26%"
"14.09.2022","3,49","3,46","3,51","3,43","413,50K","0,79%"
"13.09.2022","3,46","3,53","3,53","3,43","600,50K","-0,52%"
"12.09.2022","3,48","3,43","3,54","3,43","731,20K","1,59%"
"09.09.2022","3,43","3,37","3,45","3,34","964,60K","2,72%"
"08.09.2022","3,34","3,45","3,45","3,34","1,52M","-2,39%"
"06.09.2022","3,42","3,46","3,47","3,37","1,07M","-1,31%"
"05.09.2022","3,46","3,45","3,48","3,38","787,20K","2,42%"
"02.09.2022","3,38","3,45","3,49","3,35","1,07M","-0,27%"
"01.09.2022","3,39","3,49","3,51","3,36","1,45M","-1,84%"
"31.08.2022","3,45","3,55","3,56","3,45","953,40K","-2,31%"
"30.08.2022","3,54","3,62","3,63","3,50","734,40K","-1,27%"
"29.08.2022","3,58","3,64","3,66","3,57","756,10K","-0,25%"
"26.08.2022","3,59","3,70","3,73","3,58","943,10K","-2,71%"
"25.08.2022","3,69","3,74","3,82","3,68","470,40K","-1,22%"
"24.08.2022","3,74","3,81","3,81","3,66","548,70K","-1,20%"
"23.08.2022","3,78","3,74","3,81","3,66","200,00K","1,22%"
"22.08.2022","3,74","3,78","3,82","3,69","403,60K","-2,14%"
"19.08.2022","3,82","3,75","3,84","3,75","252,50K","0,24%"
"18.08.2022","3,81","3,83","3,93","3,76","244,90K","0,00%"
"17.08.2022","3,81","3,75","3,86","3,75","501,00K","1,95%"
"16.08.2022","3,74","3,69","3,75","3,65","430,00K","1,99%"
"15.08.2022","3,66","3,75","3,76","3,64","791,40K","-2,18%"
"12.08.2022","3,75","3,66","3,75","3,65","494,70K","2,49%"
"11.08.2022","3,65","3,70","3,71","3,61","804,20K","-0,74%"
"10.08.2022","3,68","3,72","3,75","3,65","508,20K","-0,74%"
"09.08.2022","3,71","3,74","3,74","3,65","517,50K","-0,24%"
"08.08.2022","3,72","3,71","3,76","3,68","487,90K","0,99%"
"05.08.2022","3,68","3,66","3,71","3,64","294,00K","0,50%"
"04.08.2022","3,66","3,70","3,70","3,61","509,80K","0,50%"
"03.08.2022","3,65","3,64","3,68","3,57","258,80K","-0,25%"
"02.08.2022","3,65","3,65","3,68","3,58","116,00K","0,56%"
"01.08.2022","3,63","3,72","3,72","3,59","407,80K","-1,93%"
"29.07.2022","3,71","3,57","3,72","3,53","446,10K","5,60%"
"28.07.2022","3,51","3,63","3,63","3,46","579,70K","-1,50%"
"27.07.2022","3,56","3,54","3,61","3,45","487,60K","1,79%"
"26.07.2022","3,50","3,56","3,56","3,44","212,60K","-0,76%"
"25.07.2022","3,53","3,72","3,79","3,53","241,30K","-5,28%"
"22.07.2022","3,72","3,54","3,72","3,50","525,80K","5,04%"
"21.07.2022","3,54","3,55","3,57","3,25","982,10K","-0,25%"
"20.07.2022","3,55","3,48","3,55","3,44","144,30K","2,05%"
"19.07.2022","3,48","3,44","3,48","3,37","134,60K","2,09%"
"18.07.2022","3,41","3,46","3,50","3,37","323,20K","0,26%"
"15.07.2022","3,40","3,49","3,49","3,39","239,80K","-1,04%"
"14.07.2022","3,44","3,51","3,52","3,39","293,40K","-1,79%"
"13.07.2022","3,50","3,67","3,67","3,48","334,60K","-3,92%"
"12.07.2022","3,64","3,65","3,69","3,59","71,30K","0,99%"
"11.07.2022","3,61","3,66","3,69","3,57","191,80K","-0,74%"
"08.07.2022","3,63","3,78","3,78","3,62","132,40K","-2,63%"
"07.07.2022","3,73","3,71","3,79","3,68","85,80K","0,72%"
"06.07.2022","3,71","3,74","3,75","3,63","109,80K","0,24%"
"05.07.2022","3,70","3,79","3,79","3,68","119,50K","-2,59%"
"04.07.2022","3,79","3,71","3,79","3,67","35,30K","1,92%"
"01.07.2022","3,72","3,74","3,80","3,67","66,10K","-0,24%"
"30.06.2022","3,73","3,73","3,84","3,65","83,90K","-0,48%"
"29.06.2022","3,75","3,75","3,88","3,75","64,90K","-0,71%"
"28.06.2022","3,78","3,75","3,82","3,69","223,50K","0,71%"
"27.06.2022","3,75","3,68","3,79","3,67","134,50K","1,94%"
"24.06.2022","3,68","3,59","3,74","3,57","158,60K","3,00%"
"23.06.2022","3,57","3,79","3,79","3,55","436,60K","-4,53%"
"22.06.2022","3,74","3,77","3,79","3,64","186,90K","-0,71%"
"21.06.2022","3,77","3,83","3,92","3,76","128,60K","-1,17%"
"20.06.2022","3,81","3,99","3,99","3,79","198,10K","-2,06%"
"17.06.2022","3,89","4,05","4,14","3,82","389,00K","-3,54%"
"15.06.2022","4,04","4,28","4,28","4,04","137,30K","-4,84%"
"14.06.2022","4,24","4,38","4,38","4,16","93,90K","-3,06%"
"13.06.2022","4,38","4,29","4,38","4,15","137,10K","0,82%"
"10.06.2022","4,34","4,47","4,47","4,29","122,50K","-3,19%"
"09.06.2022","4,48","4,45","4,48","4,42","45,00K","-0,40%"
"08.06.2022","4,50","4,55","4,55","4,40","78,50K","-1,56%"
"07.06.2022","4,57","4,56","4,60","4,49","51,00K","0,00%"
"06.06.2022","4,57","4,54","4,58","4,48","60,80K","0,39%"
"03.06.2022","4,55","4,63","4,65","4,54","61,50K","-1,54%"
"02.06.2022","4,63","4,63","4,65","4,53","42,90K","-0,19%"
"01.06.2022","4,63","4,51","4,72","4,51","161,40K","3,18%"
"31.05.2022","4,49","4,51","4,58","4,46","70,60K","-0,40%"
"30.05.2022","4,51","4,48","4,60","4,48","53,80K","0,40%"
"27.05.2022","4,49","4,50","4,56","4,49","36,30K","-0,79%"
"26.05.2022","4,53","4,40","4,54","4,36","93,40K","1,81%"
"25.05.2022","4,45","4,54","4,54","4,38","94,10K","-2,16%"
"24.05.2022","4,54","4,58","4,58","4,39","78,20K","0,00%"
"23.05.2022","4,54","4,40","4,56","4,40","76,70K","3,25%"
"20.05.2022","4,40","4,48","4,56","4,36","135,70K","-1,40%"
"19.05.2022","4,46","4,49","4,49","4,37","44,90K","1,01%"
"18.05.2022","4,42","4,54","4,54","4,36","80,40K","-2,56%"
"17.05.2022","4,54","4,47","4,63","4,46","124,90K","0,79%"
"16.05.2022","4,50","4,53","4,55","4,46","74,50K","0,80%"
"13.05.2022","4,46","4,14","4,53","4,14","166,10K","9,17%"
"12.05.2022","4,09","4,23","4,23","4,08","124,50K","-2,97%"
"11.05.2022","4,21","4,15","4,24","4,09","121,90K","1,51%"
"10.05.2022","4,15","4,30","4,33","4,13","148,20K","-3,12%"
"09.05.2022","4,29","4,38","4,44","4,29","104,70K","-3,17%"
"06.05.2022","4,43","4,41","4,43","4,33","114,50K","1,21%"
"05.05.2022","4,37","4,40","4,57","4,33","177,80K","-0,20%"
"04.05.2022","4,38","4,25","4,46","4,20","153,80K","4,19%"
"03.05.2022","4,21","4,38","4,40","4,21","181,90K","-2,65%"
"02.05.2022","4,32","4,31","4,32","4,21","163,30K","0,20%"
"29.04.2022","4,31","4,46","4,48","4,30","276,50K","-3,55%"
"28.04.2022","4,47","4,48","4,48","4,40","129,20K","0,20%"
"27.04.2022","4,46","4,51","4,55","4,45","120,40K","-0,98%"
"26.04.2022","4,51","4,60","4,63","4,51","120,10K","-4,49%"
"25.04.2022","4,72","4,55","4,72","4,48","80,10K","3,88%"
"22.04.2022","4,54","4,64","4,64","4,51","108,00K","-2,09%"
"20.04.2022","4,64","4,65","4,67","4,60","39,00K","-0,38%"
"19.04.2022","4,66","4,56","4,66","4,49","90,30K","2,13%"
"18.04.2022","4,56","4,66","4,67","4,56","111,30K","-1,71%"
"14.04.2022","4,64","4,73","4,73","4,61","101,50K","-2,59%"
"13.04.2022","4,76","4,73","4,79","4,72","56,40K","0,37%"
"12.04.2022","4,74","4,79","4,85","4,69","113,90K","-1,28%"
"11.04.2022","4,81","4,84","4,84","4,77","42,60K","-0,55%"
"08.04.2022","4,83","4,81","4,88","4,72","125,00K","0,00%"
"07.04.2022","4,83","4,95","4,96","4,77","114,50K","-1,79%"
"06.04.2022","4,92","4,76","4,94","4,73","129,30K","2,95%"
"05.04.2022","4,78","4,88","4,92","4,78","258,30K","-2,17%"
"04.04.2022","4,88","5,02","5,02","4,87","195,10K","-1,25%"
"01.04.2022","4,95","5,02","5,02","4,89","329,90K","-2,26%"
"31.03.2022","5,06","5,07","5,12","5,01","89,20K","-0,17%"
"30.03.2022","5,07","5,20","5,22","5,07","86,80K","-2,04%"
"29.03.2022","5,18","5,26","5,26","5,16","107,00K","-0,34%"
"28.03.2022","5,19","5,29","5,29","5,18","104,50K","-1,34%"
"25.03.2022","5,26","5,55","5,58","5,19","281,80K","-5,24%"
"24.03.2022","5,55","5,41","5,55","5,40","162,50K","2,77%"
"23.03.2022","5,41","5,41","5,47","5,31","107,40K","-0,33%"
"22.03.2022","5,42","5,26","5,46","5,26","98,10K","3,89%"
"21.03.2022","5,22","5,37","5,53","5,17","185,40K","-2,63%"
"18.03.2022","5,36","5,22","5,38","5,22","144,50K","0,50%"
"17.03.2022","5,33","5,26","5,40","5,26","118,40K","3,42%"
"16.03.2022","5,16","5,16","5,29","5,13","47,60K","-1,68%"
"15.03.2022","5,25","5,28","5,28","5,03","68,90K","-0,83%"
"14.03.2022","5,29","5,30","5,35","5,26","92,10K","-0,33%"
"11.03.2022","5,31","5,21","5,38","5,21","179,30K","1,69%"
"10.03.2022","5,22","5,03","5,24","4,99","245,50K","3,86%"
"09.03.2022","5,03","5,06","5,06","4,85","161,20K","0,35%"
"08.03.2022","5,01","4,99","5,11","4,97","191,20K","0,18%"
"07.03.2022","5,00","4,89","5,01","4,86","186,20K","2,90%"
"04.03.2022","4,86","4,81","4,93","4,72","153,20K","2,23%"
"03.03.2022","4,75","4,76","4,85","4,66","45,40K","0,00%"
"02.03.2022","4,75","4,50","4,87","4,50","69,70K","4,05%"
"25.02.2022","4,57","4,59","4,66","4,56","52,30K","-0,38%"
"24.02.2022","4,59","4,54","4,66","4,41","166,10K","0,39%"
"23.02.2022","4,57","4,81","4,83","4,50","164,20K","-4,95%"
"22.02.2022","4,81","4,76","4,82","4,73","115,10K","0,18%"
"21.02.2022","4,80","4,79","4,83","4,70","70,40K","0,18%"
"18.02.2022","4,79","4,77","4,82","4,74","146,90K","0,37%"
"17.02.2022","4,77","4,72","4,77","4,66","200,00K","3,05%"
"16.02.2022","4,63","4,71","4,73","4,63","214,80K","-1,13%"
"15.02.2022","4,68","4,89","4,89","4,66","537,00K","-3,48%"
"14.02.2022","4,85","4,89","4,89","4,82","114,90K","0,36%"
"11.02.2022","4,83","4,97","4,97","4,79","257,80K","-2,80%"
"10.02.2022","4,97","5,10","5,10","4,94","237,90K","-2,73%"
"09.02.2022","5,11","5,14","5,21","5,05","109,50K","-0,51%"
"08.02.2022","5,14","5,09","5,17","4,95","64,80K","1,55%"
"07.02.2022","5,06","5,12","5,22","4,95","70,60K","-1,02%"
"04.02.2022","5,11","5,03","5,16","4,93","103,40K","1,38%"
"03.02.2022","5,04","4,99","5,07","4,98","74,70K","1,05%"
"02.02.2022","4,99","5,00","5,05","4,93","90,80K","0,00%"
"01.02.2022","4,99","5,01","5,07","4,92","90,00K","-0,17%"
"31.01.2022","5,00","5,01","5,08","4,96","74,70K","0,17%"
"28.01.2022","4,99","4,96","5,07","4,89","82,20K","0,70%"
"27.01.2022","4,96","4,92","5,08","4,89","84,40K","1,43%"
"26.01.2022","4,89","4,88","4,96","4,85","139,20K","0,18%"
"25.01.2022","4,88","4,91","4,92","4,82","99,90K","-0,71%"
"24.01.2022","4,91","5,06","5,10","4,89","163,70K","-2,93%"
"21.01.2022","5,06","5,22","5,22","5,05","100,30K","-2,52%"
"20.01.2022","5,19","5,20","5,26","5,14","79,70K","-12,77%"
"19.01.2022","5,95","5,88","6,03","5,88","75,00K","1,02%"
"18.01.2022","5,89","5,74","5,90","5,71","107,20K","2,61%"
"17.01.2022","5,74","5,90","5,90","5,71","186,00K","-2,71%"
"14.01.2022","5,90","5,98","6,04","5,85","62,70K","-1,34%"
"13.01.2022","5,98","5,85","6,00","5,85","59,80K","2,22%"
"12.01.2022","5,85","5,80","6,00","5,73","86,70K","0,52%"
"11.01.2022","5,82","5,91","5,95","5,80","64,50K","-1,52%"
"10.01.2022","5,91","5,89","5,92","5,80","65,50K","0,00%"
"07.01.2022","5,91","5,96","6,01","5,81","39,90K","-1,66%"
"06.01.2022","6,01","5,99","6,19","5,99","77,40K","0,84%"
"05.01.2022","5,96","6,08","6,19","5,90","65,80K","-0,67%"
"04.01.2022","6,00","5,72","6,01","5,65","104,20K","4,90%"
"03.01.2022","5,72","5,70","5,82","5,50","137,80K","1,60%"
"30.12.2021","5,63","5,72","5,88","5,63","226,90K","-1,05%"
"29.12.2021","5,69","5,96","5,96","5,69","107,20K","-4,37%"
"28.12.2021","5,95","6,12","6,16","5,95","127,00K","-2,78%"
"27.12.2021","6,12","6,11","6,24","6,11","30,10K","0,99%"
"23.12.2021","6,06","6,32","6,44","6,06","125,50K","-5,31%"
"22.12.2021","6,40","6,49","6,51","6,37","55,40K","-0,47%"
"21.12.2021","6,43","6,49","6,51","6,37","34,80K","-0,62%"
"20.12.2021","6,47","6,39","6,57","6,33","65,90K","1,25%"
"17.12.2021","6,39","6,58","6,67","6,35","202,80K","-1,69%"
"16.12.2021","6,50","6,31","6,60","6,25","142,60K","4,00%"
"15.12.2021","6,25","6,31","6,34","6,14","56,00K","-0,79%"
"14.12.2021","6,30","6,25","6,42","6,19","120,30K","0,80%"
"13.12.2021","6,25","6,23","6,28","6,19","45,70K","0,32%"
"10.12.2021","6,23","6,22","6,29","6,18","93,10K","0,16%"
"09.12.2021","6,22","6,18","6,25","6,13","82,00K","0,81%"
"08.12.2021","6,17","6,15","6,29","6,12","104,80K","0,00%"
"07.12.2021","6,17","6,30","6,30","6,14","61,70K","-1,28%"
"06.12.2021","6,25","6,06","6,30","6,06","135,50K","3,14%"
"03.12.2021","6,06","6,13","6,28","6,02","84,10K","-0,98%"
"02.12.2021","6,12","6,20","6,20","5,95","60,90K","0,33%"
"01.12.2021","6,10","6,08","6,31","5,99","257,60K","2,18%"
"30.11.2021","5,97","5,99","6,02","5,84","136,80K","-0,33%"
"29.11.2021","5,99","5,95","6,17","5,94","95,10K","0,50%"
"26.11.2021","5,96","5,96","6,00","5,81","92,60K","-0,17%"
"25.11.2021","5,97","5,99","6,06","5,93","48,00K","-0,17%"
"24.11.2021","5,98","5,92","6,08","5,65","107,20K","3,10%"
"23.11.2021","5,80","5,83","5,93","5,74","54,00K","-1,19%"
"22.11.2021","5,87","5,93","5,95","5,85","41,30K","-0,84%"
"19.11.2021","5,92","5,83","5,98","5,83","104,90K","2,25%"
"18.11.2021","5,79","5,80","5,85","5,75","41,40K","-0,17%"
"17.11.2021","5,80","5,75","5,98","5,74","120,00K","0,52%"
"16.11.2021","5,77","5,79","5,90","5,76","165,90K","0,87%"
"12.11.2021","5,72","5,78","5,87","5,70","131,70K","-1,55%"
"11.11.2021","5,81","5,51","5,81","5,50","120,30K","6,22%"
"10.11.2021","5,47","5,46","5,56","5,40","82,00K","0,18%"
"09.11.2021","5,46","5,49","5,49","5,40","84,00K","-0,55%"
"08.11.2021","5,49","5,44","5,56","5,37","80,80K","-0,18%"
"05.11.2021","5,50","5,46","5,52","5,30","104,30K","2,23%"
"04.11.2021","5,38","5,48","5,53","5,35","86,20K","-2,36%"
"03.11.2021","5,51","5,41","5,56","5,41","151,30K","2,23%"
"01.11.2021","5,39","5,60","5,68","5,39","212,90K","-3,41%"
"29.10.2021","5,58","5,66","5,82","5,57","133,10K","-1,41%"
"28.10.2021","5,66","5,65","5,77","5,59","112,10K","0,18%"
"27.10.2021","5,65","5,95","5,96","5,62","201,90K","-3,91%"
"26.10.2021","5,88","5,95","6,12","5,82","288,60K","1,55%"
"25.10.2021","5,79","5,95","6,03","5,79","160,10K","-2,69%"
"22.10.2021","5,95","5,73","6,02","5,61","443,50K","3,84%"
"21.10.2021","5,73","5,65","5,74","5,53","128,60K","1,42%"
"20.10.2021","5,65","5,62","5,71","5,52","151,80K","0,00%"
"19.10.2021","5,65","5,73","5,76","5,63","146,10K","-2,59%"
"18.10.2021","5,80","5,85","5,85","5,67","144,80K","0,00%"
"15.10.2021","5,80","5,71","5,90","5,71","87,70K","0,69%"
"14.10.2021","5,76","5,88","5,88","5,73","61,80K","-0,86%"
"13.10.2021","5,81","5,67","5,85","5,67","190,40K","1,40%"
"11.10.2021","5,73","5,77","5,84","5,64","137,70K","0,35%"
"08.10.2021","5,71","5,71","5,77","5,65","249,00K","0,18%"
"07.10.2021","5,70","5,73","5,86","5,64","161,20K","-0,35%"
"06.10.2021","5,72","5,98","5,98","5,71","192,70K","-3,21%"
"05.10.2021","5,91","5,91","5,98","5,82","95,80K","-0,84%"
"04.10.2021","5,96","5,95","5,99","5,82","100,40K","0,34%"
"01.10.2021","5,94","6,09","6,12","5,87","119,60K","-2,46%"
"30.09.2021","6,09","5,94","6,18","5,92","129,00K","2,35%"
"29.09.2021","5,95","5,87","6,03","5,84","80,70K","1,88%"
"28.09.2021","5,84","6,00","6,01","5,84","59,10K","-1,52%"
"27.09.2021","5,93","5,83","6,01","5,83","81,00K","-1,98%"
"24.09.2021","6,05","6,25","6,25","5,90","179,50K","-1,14%"
"23.09.2021","6,12","5,80","6,12","5,80","140,00K","4,62%"
"22.09.2021","5,85","5,75","5,94","5,75","81,10K","1,56%"
"21.09.2021","5,76","5,75","5,82","5,62","135,90K","-0,69%"
"20.09.2021","5,80","5,80","5,80","5,50","196,00K","-0,85%"
"17.09.2021","5,85","5,94","5,94","5,81","105,30K","-1,52%"
"16.09.2021","5,94","6,10","6,10","5,86","282,10K","-2,62%"
"15.09.2021","6,10","6,35","6,35","6,10","85,30K","-3,79%"
"14.09.2021","6,34","6,30","6,48","6,26","71,70K","0,79%"
"13.09.2021","6,29","6,27","6,39","6,15","112,70K","0,32%"
"10.09.2021","6,27","6,40","6,50","6,26","94,70K","-1,88%"
"09.09.2021","6,39","6,10","6,50","6,10","231,20K","3,40%"
"08.09.2021","6,18","6,24","6,32","6,08","190,30K","0,00%"
"06.09.2021","6,18","6,14","6,45","6,10","57,10K","0,65%"
"03.09.2021","6,14","6,15","6,23","6,08","100,10K","0,99%"
"02.09.2021","6,08","6,43","6,50","6,08","139,60K","-4,85%"
"01.09.2021","6,39","6,37","6,54","6,25","227,30K","1,59%"
"31.08.2021","6,29","6,44","6,51","6,29","154,70K","-2,93%"
"30.08.2021","6,48","6,50","6,55","6,37","165,80K","-0,31%"
"27.08.2021","6,50","6,40","6,51","6,37","176,30K","1,56%"
"26.08.2021","6,40","6,39","6,49","6,34","184,30K","0,16%"
"25.08.2021","6,39","6,05","6,47","6,05","357,10K","4,75%"
"24.08.2021","6,10","5,97","6,14","5,93","233,00K","2,18%"
"23.08.2021","5,97","5,91","6,01","5,87","170,90K","1,02%"
"20.08.2021","5,91","5,75","5,94","5,71","157,00K","1,90%"
"19.08.2021","5,80","5,85","6,12","5,55","295,80K","-0,85%"
"18.08.2021","5,85","6,04","6,07","5,84","278,60K","-3,31%"
"17.08.2021","6,05","5,96","6,18","5,94","387,10K","1,51%"
"16.08.2021","5,96","6,02","6,05","5,91","251,00K","-1,00%"
"13.08.2021","6,02","5,91","6,06","5,87","171,40K","2,38%"
"12.08.2021","5,88","5,94","6,00","5,87","158,70K","-1,18%"
"11.08.2021","5,95","5,94","5,98","5,84","71,60K","0,17%"
"10.08.2021","5,94","5,91","6,07","5,90","189,40K","0,17%"
"09.08.2021","5,93","5,75","5,96","5,74","171,30K","4,04%"
"06.08.2021","5,70","5,73","5,75","5,66","88,20K","-1,21%"
"05.08.2021","5,77","5,64","5,82","5,64","122,50K","1,58%"
"04.08.2021","5,68","5,60","5,70","5,58","210,30K","1,61%"
"03.08.2021","5,59","5,60","5,65","5,51","163,50K","-0,71%"
"02.08.2021","5,63","5,90","5,90","5,62","235,70K","-2,26%"
"30.07.2021","5,76","5,86","5,88","5,76","353,40K","-1,87%"
"29.07.2021","5,87","5,86","5,89","5,82","101,00K","0,17%"
"28.07.2021","5,86","5,87","5,91","5,84","207,70K","-0,17%"
"27.07.2021","5,87","5,99","6,01","5,82","148,20K","-2,17%"
"26.07.2021","6,00","5,93","6,05","5,87","144,40K","1,01%"
"23.07.2021","5,94","6,03","6,03","5,85","232,70K","-1,49%"
"22.07.2021","6,03","6,01","6,06","5,98","186,10K","-0,17%"
"21.07.2021","6,04","6,11","6,14","5,93","206,20K","-0,66%"
"20.07.2021","6,08","6,02","6,08","5,97","207,40K","0,33%"
"19.07.2021","6,06","6,08","6,14","5,93","246,30K","-0,33%"
"16.07.2021","6,08","6,30","6,36","6,08","252,60K","-3,18%"
"15.07.2021","6,28","6,53","6,54","6,28","243,80K","-3,83%"
"14.07.2021","6,53","6,62","6,73","6,41","420,30K","-0,61%"
"13.07.2021","6,57","6,50","6,62","6,45","381,70K","1,08%"
"12.07.2021","6,50","6,35","6,53","6,35","276,50K","3,50%"
"08.07.2021","6,28","6,36","6,54","6,28","438,80K","-1,72%"
"07.07.2021","6,39","6,20","6,40","6,17","453,70K","3,06%"
"06.07.2021","6,20","6,18","6,27","6,13","212,10K","1,47%"
"05.07.2021","6,11","6,29","6,33","5,96","250,90K","-1,93%"
"02.07.2021","6,23","6,23","6,34","6,18","279,10K","1,30%"
"01.07.2021","6,15","6,19","6,27","6,12","310,30K","-0,65%"
"30.06.2021","6,19","6,27","6,31","6,06","484,60K","-1,28%"
"29.06.2021","6,27","6,17","6,32","6,17","299,90K","1,29%"
"28.06.2021","6,19","6,00","6,20","5,98","346,50K","2,31%"
"25.06.2021","6,05","6,05","6,19","5,98","284,80K","-0,33%"
"24.06.2021","6,07","5,97","6,09","5,97","341,90K","1,85%"
"23.06.2021","5,96","6,07","6,12","5,95","419,20K","-1,65%"
"22.06.2021","6,06","5,98","6,11","5,91","409,60K","2,54%"
"21.06.2021","5,91","5,69","6,00","5,66","716,80K","3,68%"
"18.06.2021","5,70","5,65","5,80","5,55","465,10K","0,88%"
"17.06.2021","5,65","5,66","5,68","5,61","302,10K","-0,18%"
"16.06.2021","5,66","5,75","5,79","5,60","352,60K","-1,74%"
"15.06.2021","5,76","5,80","5,82","5,73","154,20K","-0,17%"
"14.06.2021","5,77","5,85","5,96","5,71","378,80K","-1,54%"
"11.06.2021","5,86","5,72","5,91","5,72","390,50K","2,27%"
"10.06.2021","5,73","5,73","5,83","5,65","427,40K","0,53%"
"09.06.2021","5,70","5,57","5,74","5,54","478,80K","2,33%"
"08.06.2021","5,57","5,58","5,65","5,53","311,60K","0,36%"
"07.06.2021","5,55","5,56","5,64","5,47","473,20K","0,00%"
"04.06.2021","5,55","5,63","5,65","5,47","639,10K","-0,54%"
"02.06.2021","5,58","5,71","5,74","5,58","618,10K","-1,41%"
"01.06.2021","5,66","5,78","5,83","5,63","561,40K","-1,91%"
"31.05.2021","5,77","5,76","5,80","5,69","217,20K","0,35%"
"28.05.2021","5,75","5,85","5,92","5,70","378,90K","-1,88%"
"27.05.2021","5,86","5,68","5,88","5,68","403,70K","3,17%"
"26.05.2021","5,68","5,64","5,68","5,60","203,00K","1,25%"
"25.05.2021","5,61","5,62","5,72","5,56","216,10K","-0,36%"
"24.05.2021","5,63","5,57","5,75","5,50","229,70K","0,54%"
"21.05.2021","5,60","5,63","5,66","5,55","227,90K","-0,53%"
"20.05.2021","5,63","5,74","5,74","5,61","250,30K","-1,92%"
"19.05.2021","5,74","5,73","5,80","5,68","190,40K","-1,03%"
"18.05.2021","5,80","5,81","5,82","5,70","214,40K","0,00%"
"17.05.2021","5,80","5,80","5,87","5,77","99,90K","0,00%"
"14.05.2021","5,80","5,98","5,98","5,74","257,80K","-3,17%"
"13.05.2021","5,99","5,77","6,00","5,70","492,40K","3,28%"
"12.05.2021","5,80","5,90","5,91","5,80","130,30K","-2,19%"
"11.05.2021","5,93","5,83","5,93","5,71","216,70K","1,72%"
"10.05.2021","5,83","5,84","5,88","5,76","227,10K","-0,17%"
"07.05.2021","5,84","5,79","5,84","5,71","154,60K","0,69%"
"06.05.2021","5,80","5,76","5,80","5,58","267,20K","0,69%"
"05.05.2021","5,76","5,68","5,77","5,64","159,20K","1,59%"
"04.05.2021","5,67","5,75","5,81","5,63","251,00K","-1,39%"
"03.05.2021","5,75","5,83","5,87","5,62","356,50K","-0,86%"
"30.04.2021","5,80","5,90","5,93","5,75","327,10K","-1,02%"
"29.04.2021","5,86","5,90","5,99","5,83","232,70K","0,17%"
"28.04.2021","5,85","6,05","6,05","5,83","256,00K","-3,31%"
"27.04.2021","6,05","5,94","6,14","5,93","277,00K","0,67%"
"26.04.2021","6,01","6,08","6,08","5,95","212,50K","0,84%"
"23.04.2021","5,96","6,05","6,11","5,93","272,50K","-1,49%"
"22.04.2021","6,05","6,14","6,19","6,02","264,30K","-1,47%"
"20.04.2021","6,14","6,15","6,24","6,10","217,60K","0,00%"
"19.04.2021","6,14","6,11","6,27","6,10","372,80K","0,49%"
"16.04.2021","6,11","6,26","6,36","6,11","337,50K","-2,40%"
"15.04.2021","6,26","6,19","6,26","6,11","332,60K","2,12%"
"14.04.2021","6,13","6,18","6,23","6,10","185,60K","-0,81%"
"13.04.2021","6,18","6,24","6,24","6,07","371,80K","0,16%"
"12.04.2021","6,17","5,98","6,22","5,98","411,60K","3,18%"
"09.04.2021","5,98","5,90","6,12","5,89","489,20K","1,36%"
"08.04.2021","5,90","5,82","5,98","5,82","448,60K","1,37%"
"07.04.2021","5,82","5,81","5,88","5,76","296,00K","0,17%"
"06.04.2021","5,81","5,75","5,84","5,71","296,30K","1,04%"
"05.04.2021","5,75","5,81","5,81","5,64","393,70K","0,52%"
"01.04.2021","5,72","5,70","5,82","5,63","419,60K","0,18%"
"31.03.2021","5,71","5,85","5,85","5,67","922,60K","-1,89%"
"30.03.2021","5,82","5,90","5,92","5,78","380,30K","-1,36%"
"29.03.2021","5,90","5,89","5,93","5,81","430,90K","0,17%"
"26.03.2021","5,89","5,79","5,89","5,73","462,20K","1,90%"
"25.03.2021","5,78","5,84","5,84","5,70","342,00K","-1,20%"
"24.03.2021","5,85","5,74","5,94","5,74","445,70K","0,86%"
"23.03.2021","5,80","5,67","5,82","5,64","345,90K","1,40%"
"22.03.2021","5,72","5,70","5,86","5,57","678,90K","0,35%"
"19.03.2021","5,70","5,79","5,87","5,66","564,60K","-1,38%"
"18.03.2021","5,78","6,00","6,00","5,75","407,20K","-2,69%"
"17.03.2021","5,94","6,03","6,06","5,86","506,40K","-0,50%"
"16.03.2021","5,97","5,70","5,97","5,68","569,80K","4,74%"
"15.03.2021","5,70","5,83","5,88","5,66","496,20K","-2,40%"
"12.03.2021","5,84","5,88","5,95","5,78","446,00K","-0,34%"
"11.03.2021","5,86","6,01","6,10","5,70","818,00K","-2,01%"
"10.03.2021","5,98","6,17","6,26","5,87","507,70K","-3,08%"
"09.03.2021","6,17","6,04","6,30","6,02","376,20K","2,49%"
"08.03.2021","6,02","6,23","6,30","5,84","555,00K","-3,22%"
"05.03.2021","6,22","6,08","6,35","6,02","368,30K","2,81%"
"04.03.2021","6,05","6,08","6,32","5,99","374,40K","-0,49%"
"03.03.2021","6,08","6,09","6,27","6,02","431,30K","0,16%"
"02.03.2021","6,07","6,26","6,36","5,98","758,20K","-2,25%"
"01.03.2021","6,21","6,36","6,55","6,06","591,90K","-0,80%"
"26.02.2021","6,26","6,50","6,50","6,18","458,90K","-1,57%"
"25.02.2021","6,36","6,59","6,72","6,35","330,20K","-3,49%"
"24.02.2021","6,59","6,60","6,74","6,29","289,00K","0,92%"
"23.02.2021","6,53","6,69","6,89","6,38","468,00K","-1,66%"
"22.02.2021","6,64","6,44","6,75","6,16","562,10K","2,95%"
"19.02.2021","6,45","6,26","6,55","6,12","253,70K","4,03%"
"18.02.2021","6,20","6,16","6,50","6,09","331,20K","-0,48%"
"17.02.2021","6,23","6,13","6,27","5,98","168,60K","1,63%"
"12.02.2021","6,13","6,15","6,20","6,07","132,70K","0,33%"
"11.02.2021","6,11","6,09","6,25","6,05","160,60K","0,33%"
"10.02.2021","6,09","6,11","6,21","6,04","242,50K","0,16%"
"09.02.2021","6,08","6,04","6,13","5,98","163,30K","0,66%"
"08.02.2021","6,04","6,08","6,17","5,99","156,90K","-0,66%"
"05.02.2021","6,08","6,09","6,12","6,01","100,80K","-0,16%"
"04.02.2021","6,09","6,18","6,18","6,04","113,40K","0,00%"
"03.02.2021","6,09","6,17","6,22","6,09","149,90K","-1,46%"
"02.02.2021","6,18","6,19","6,25","6,02","242,50K","-0,16%"
"01.02.2021","6,19","6,03","6,19","5,96","374,00K","2,82%"
"29.01.2021","6,02","6,05","6,08","5,95","540,00K","-0,99%"
"28.01.2021","6,08","5,93","6,25","5,70","428,80K","3,05%"
"27.01.2021","5,90","6,02","6,05","5,68","238,10K","-0,67%"
"26.01.2021","5,94","5,97","6,07","5,85","151,60K","0,68%"
"22.01.2021","5,90","5,97","6,07","5,86","193,70K","-1,67%"
"21.01.2021","6,00","6,21","6,43","5,92","760,50K","-4,31%"
"20.01.2021","6,27","6,32","6,42","6,22","205,80K","0,97%"
"19.01.2021","6,21","6,34","6,45","6,17","272,80K","-0,48%"
"18.01.2021","6,24","6,32","6,42","6,17","424,40K","-1,73%"
"15.01.2021","6,35","6,19","6,40","6,10","317,80K","3,42%"
"14.01.2021","6,14","6,17","6,30","6,10","209,90K","0,16%"
"13.01.2021","6,13","6,26","6,40","6,06","368,40K","-2,08%"
"12.01.2021","6,26","6,03","6,29","5,94","276,30K","3,81%"
"11.01.2021","6,03","5,91","6,30","5,85","359,30K","2,03%"
"08.01.2021","5,91","5,63","5,95","5,63","455,70K","4,97%"
"07.01.2021","5,63","5,45","5,80","5,42","632,00K","4,26%"
"06.01.2021","5,40","5,28","5,45","5,24","305,20K","1,31%"
"05.01.2021","5,33","5,33","5,39","5,22","222,20K","0,00%"
"04.01.2021","5,33","5,44","5,49","5,28","249,80K","-1,11%"
"30.12.2020","5,39","5,21","5,43","5,21","320,30K","3,45%"
"29.12.2020","5,21","5,10","5,22","5,10","171,60K","2,36%"
"28.12.2020","5,09","5,11","5,15","5,08","166,00K","-0,39%"
"23.12.2020","5,11","5,20","5,24","5,09","243,30K","-2,11%"
"22.12.2020","5,22","5,14","5,25","5,05","343,10K","2,55%"
"21.12.2020","5,09","5,02","5,13","5,01","247,70K","-1,55%"
"18.12.2020","5,17","5,02","5,40","5,02","1,01M","2,99%"
"17.12.2020","5,02","5,02","5,08","4,99","237,60K","0,00%"
"16.12.2020","5,02","4,97","5,05","4,92","433,30K","1,62%"
"15.12.2020","4,94","4,85","4,97","4,83","287,90K","1,86%"
"14.12.2020","4,85","4,85","4,87","4,79","213,00K","0,00%"
"11.12.2020","4,85","4,82","4,87","4,74","293,60K","0,62%"
"10.12.2020","4,82","4,86","4,89","4,77","366,30K","0,42%"
"09.12.2020","4,80","4,85","4,91","4,76","399,30K","-1,03%"
"08.12.2020","4,85","4,87","4,93","4,80","347,90K","0,00%"
"07.12.2020","4,85","4,94","4,98","4,82","444,50K","-1,22%"
"04.12.2020","4,91","4,95","4,99","4,86","377,00K","0,61%"
"03.12.2020","4,88","5,05","5,13","4,87","878,70K","-2,79%"
"02.12.2020","5,02","5,21","5,24","5,02","404,90K","-3,09%"
"01.12.2020","5,18","5,10","5,23","5,07","454,40K","2,17%"
"30.11.2020","5,07","5,07","5,12","4,98","461,80K","0,80%"
"27.11.2020","5,03","4,85","5,08","4,85","710,90K","3,93%"
"26.11.2020","4,84","4,69","4,88","4,68","544,50K","3,20%"
"25.11.2020","4,69","4,73","4,75","4,63","530,30K","-0,85%"
"24.11.2020","4,73","4,74","4,78","4,68","242,30K","-0,21%"
"23.11.2020","4,74","4,77","4,78","4,66","333,80K","0,64%"
"20.11.2020","4,71","4,71","4,72","4,62","357,40K","0,86%"
"19.11.2020","4,67","4,78","4,79","4,67","289,50K","-2,51%"
"18.11.2020","4,79","4,73","4,80","4,72","285,30K","1,27%"
"17.11.2020","4,73","4,90","4,93","4,72","654,10K","-2,47%"
"16.11.2020","4,85","4,92","4,99","4,80","386,80K","-0,82%"
"13.11.2020","4,89","4,74","4,90","4,71","553,00K","3,16%"
"12.11.2020","4,74","4,66","4,74","4,58","432,50K","1,94%"
"11.11.2020","4,65","4,70","4,74","4,61","404,80K","-0,43%"
"10.11.2020","4,67","4,75","4,79","4,66","507,30K","-1,68%"
"09.11.2020","4,75","4,85","4,87","4,60","731,30K","-0,84%"
"06.11.2020","4,79","4,88","4,94","4,76","464,60K","-1,84%"
"05.11.2020","4,88","4,89","4,94","4,73","553,20K","0,21%"
"04.11.2020","4,87","4,84","4,96","4,78","233,00K","0,62%"
"03.11.2020","4,84","4,81","4,92","4,77","458,60K","0,62%"
"30.10.2020","4,81","4,80","4,94","4,75","331,10K","-0,41%"
"29.10.2020","4,83","4,78","4,87","4,72","359,40K","1,47%"
"28.10.2020","4,76","5,02","5,02","4,61","885,90K","-5,56%"
"27.10.2020","5,04","5,11","5,17","5,03","256,70K","-1,37%"
"26.10.2020","5,11","5,28","5,28","5,06","420,30K","-0,97%"
"23.10.2020","5,16","5,16","5,19","5,08","314,60K","-0,19%"
"22.10.2020","5,17","5,13","5,20","5,10","178,20K","0,78%"
"21.10.2020","5,13","5,20","5,20","5,10","309,80K","-1,72%"
"20.10.2020","5,22","5,15","5,22","5,13","277,30K","1,75%"
"19.10.2020","5,13","5,30","5,42","5,12","452,50K","-3,21%"
"16.10.2020","5,30","5,18","5,41","5,16","532,80K","2,32%"
"15.10.2020","5,18","5,15","5,22","5,05","498,60K","0,00%"
"14.10.2020","5,18","5,18","5,25","5,10","264,20K","0,00%"
"13.10.2020","5,18","5,04","5,19","5,03","372,60K","3,19%"
"09.10.2020","5,02","5,16","5,16","5,01","443,70K","-2,71%"
"08.10.2020","5,16","5,06","5,19","5,04","244,50K","2,38%"
"07.10.2020","5,04","4,98","5,17","4,98","365,30K","1,00%"
"06.10.2020","4,99","5,02","5,11","4,96","365,90K","-1,38%"
"05.10.2020","5,06","4,98","5,08","4,98","227,70K","1,81%"
"02.10.2020","4,97","5,12","5,12","4,96","403,80K","-3,12%"
"01.10.2020","5,13","5,05","5,20","4,98","505,50K","1,58%"
"30.09.2020","5,05","5,08","5,14","4,96","454,30K","-0,20%"
"29.09.2020","5,06","5,05","5,25","5,05","261,70K","0,20%"
"28.09.2020","5,05","5,29","5,29","5,04","306,50K","-3,81%"
"25.09.2020","5,25","5,03","5,25","5,02","280,30K","4,79%"
"24.09.2020","5,01","5,05","5,19","4,97","279,50K","-0,79%"
"23.09.2020","5,05","5,09","5,11","4,92","324,10K","-0,39%"
"22.09.2020","5,07","5,19","5,22","5,05","232,30K","-0,78%"
"21.09.2020","5,11","5,37","5,37","5,07","374,30K","-4,31%"
"18.09.2020","5,34","5,38","5,52","5,28","316,30K","-0,19%"
"17.09.2020","5,35","5,28","5,35","5,15","265,80K","1,33%"
"16.09.2020","5,28","5,44","5,49","5,21","278,60K","-1,68%"
"15.09.2020","5,37","5,18","5,38","5,15","229,80K","3,87%"
"14.09.2020","5,17","5,11","5,24","5,07","267,70K","0,39%"
"11.09.2020","5,15","5,21","5,25","5,11","203,10K","-2,65%"
"10.09.2020","5,29","5,21","5,35","5,12","362,30K","0,57%"
"09.09.2020","5,26","5,27","5,32","5,16","264,10K","0,77%"
"08.09.2020","5,22","5,40","5,40","5,20","323,30K","-3,33%"
"04.09.2020","5,40","5,41","5,41","5,24","245,30K","0,93%"
"03.09.2020","5,35","5,41","5,53","5,29","381,50K","-1,65%"
"02.09.2020","5,44","5,58","5,60","5,36","377,90K","-2,51%"
"01.09.2020","5,58","5,44","5,60","5,38","278,00K","3,33%"
"31.08.2020","5,40","5,55","5,61","5,36","238,60K","-2,35%"
"28.08.2020","5,53","5,51","5,56","5,42","210,10K","0,36%"
"27.08.2020","5,51","5,55","5,60","5,46","146,90K","-0,72%"
"26.08.2020","5,55","5,47","5,64","5,43","320,20K","0,54%"
"25.08.2020","5,52","5,65","5,69","5,47","276,30K","-1,43%"
"24.08.2020","5,60","5,76","5,76","5,60","336,30K","-1,23%"
"21.08.2020","5,67","5,70","5,70","5,47","377,90K","0,35%"
"20.08.2020","5,65","5,86","5,95","5,64","776,60K","-2,59%"
"19.08.2020","5,80","5,57","6,00","5,57","971,10K","4,13%"
"18.08.2020","5,57","5,39","5,60","5,28","878,10K","5,69%"
"17.08.2020","5,27","5,14","5,30","5,06","413,80K","1,54%"
"14.08.2020","5,19","5,15","5,29","5,08","431,90K","1,76%"
"13.08.2020","5,10","4,98","5,19","4,91","583,90K","2,41%"
"12.08.2020","4,98","4,93","5,00","4,83","420,00K","1,63%"
"11.08.2020","4,90","4,75","4,93","4,71","357,10K","3,16%"
"10.08.2020","4,75","4,74","4,79","4,67","202,60K","0,85%"
"07.08.2020","4,71","4,67","4,80","4,66","299,50K","-0,42%"
"06.08.2020","4,73","4,63","4,78","4,56","480,70K","2,16%"
"05.08.2020","4,63","4,30","4,68","4,29","838,50K","7,67%"
"04.08.2020","4,30","4,33","4,33","4,13","224,40K","0,47%"
"03.08.2020","4,28","4,28","4,35","4,22","214,80K","1,90%"
"31.07.2020","4,20","4,34","4,38","4,20","246,10K","-3,23%"
"30.07.2020","4,34","4,33","4,40","4,21","199,80K","0,23%"
"29.07.2020","4,33","4,37","4,37","4,30","191,60K","-0,92%"
"28.07.2020","4,37","4,42","4,42","4,30","169,30K","-0,23%"
"27.07.2020","4,38","4,43","4,44","4,36","125,20K","-0,45%"
"24.07.2020","4,40","4,35","4,45","4,33","356,70K","0,92%"
"23.07.2020","4,36","4,35","4,41","4,31","249,90K","0,46%"
"22.07.2020","4,34","4,35","4,45","4,30","399,40K","0,70%"
"21.07.2020","4,31","4,35","4,38","4,24","336,10K","-0,69%"
"20.07.2020","4,34","4,27","4,37","4,23","373,50K","1,64%"
"17.07.2020","4,27","4,20","4,30","4,20","228,80K","1,67%"
"16.07.2020","4,20","4,25","4,31","4,20","165,40K","-1,18%"
"15.07.2020","4,25","4,20","4,30","4,14","409,70K","1,19%"
"14.07.2020","4,20","4,10","4,20","4,03","236,60K","2,94%"
"13.07.2020","4,08","4,18","4,21","4,07","293,80K","-2,39%"
"10.07.2020","4,18","4,24","4,24","4,16","245,50K","-1,42%"
"09.07.2020","4,24","4,30","4,31","4,20","200,50K","-1,40%"
"08.07.2020","4,30","4,20","4,32","4,20","467,10K","2,63%"
"07.07.2020","4,19","4,21","4,26","4,15","223,70K","-0,95%"
"06.07.2020","4,23","4,29","4,30","4,17","453,00K","-1,17%"
"03.07.2020","4,28","4,23","4,28","4,18","184,80K","1,18%"
"02.07.2020","4,23","4,27","4,35","4,19","277,40K","-0,94%"
"01.07.2020","4,27","4,16","4,29","4,11","213,20K","2,40%"
"30.06.2020","4,17","4,14","4,22","4,11","287,10K","1,71%"
"29.06.2020","4,10","4,30","4,30","3,89","422,10K","-3,98%"
"26.06.2020","4,27","4,19","4,34","4,18","293,50K","1,67%"
"25.06.2020","4,20","4,20","4,25","4,12","305,60K","0,24%"
"24.06.2020","4,19","4,10","4,20","4,07","442,80K","2,20%"
"23.06.2020","4,10","4,10","4,19","4,01","184,80K","-2,38%"
"22.06.2020","4,20","4,20","4,25","4,09","255,80K","0,48%"
"19.06.2020","4,18","4,11","4,21","4,08","639,30K","1,95%"
"18.06.2020","4,10","3,96","4,10","3,91","532,00K","3,54%"
"17.06.2020","3,96","3,91","4,02","3,91","243,20K","1,28%"
"16.06.2020","3,91","3,98","3,99","3,90","300,80K","-0,26%"
"15.06.2020","3,92","3,92","4,04","3,80","769,30K","0,00%"
"12.06.2020","3,92","3,95","3,98","3,75","486,60K","-1,75%"
"10.06.2020","3,99","4,00","4,03","3,95","376,30K","-0,25%"
"09.06.2020","4,00","3,99","4,04","3,96","357,90K","0,00%"
"08.06.2020","4,00","3,95","4,00","3,86","646,60K","1,27%"
"05.06.2020","3,95","4,02","4,08","3,90","958,60K","-2,23%"
"04.06.2020","4,04","4,01","4,08","4,00","367,00K","0,75%"
"03.06.2020","4,01","4,07","4,10","3,98","665,30K","-1,47%"
"02.06.2020","4,07","4,12","4,14","4,03","510,00K","-0,73%"
"01.06.2020","4,10","4,03","4,18","3,94","408,80K","1,23%"
"29.05.2020","4,05","4,00","4,08","3,93","280,90K","0,75%"
"28.05.2020","4,02","4,07","4,16","4,00","348,60K","-1,23%"
"27.05.2020","4,07","4,00","4,08","3,93","391,70K","3,56%"
"26.05.2020","3,93","4,00","4,03","3,89","400,40K","-0,25%"
"25.05.2020","3,94","4,00","4,07","3,90","851,60K","-0,51%"
"22.05.2020","3,96","3,97","4,09","3,92","317,50K","0,25%"
"21.05.2020","3,95","4,05","4,13","3,89","567,90K","-2,95%"
"20.05.2020","4,07","4,15","4,23","4,02","259,00K","-1,45%"
"19.05.2020","4,13","4,15","4,26","4,10","405,10K","0,00%"
"18.05.2020","4,13","4,50","4,56","4,07","759,10K","-6,14%"
"15.05.2020","4,40","4,52","4,65","4,31","435,10K","-5,17%"
"14.05.2020","4,64","4,74","4,99","4,48","724,00K","-2,11%"
"13.05.2020","4,74","4,37","4,79","4,37","1,15M","8,47%"
"12.05.2020","4,37","4,50","4,59","4,24","435,40K","-1,58%"
"11.05.2020","4,44","4,40","4,55","4,37","587,60K","1,14%"
"08.05.2020","4,39","4,21","4,44","4,21","763,90K","5,02%"
"07.05.2020","4,18","3,84","4,33","3,83","1,21M","8,85%"
"06.05.2020","3,84","3,82","3,92","3,70","292,80K","-0,78%"
"05.05.2020","3,87","3,73","3,89","3,65","579,90K","6,61%"
"04.05.2020","3,63","3,71","3,77","3,57","233,40K","-2,16%"
"30.04.2020","3,71","3,62","3,75","3,61","320,30K","2,77%"
"29.04.2020","3,61","3,70","3,70","3,54","312,30K","0,00%"
"28.04.2020","3,61","3,75","3,80","3,40","313,70K","0,28%"
"27.04.2020","3,60","3,58","3,75","3,57","367,00K","0,28%"
"24.04.2020","3,59","3,52","3,65","3,30","828,90K","2,28%"
"23.04.2020","3,51","3,42","3,52","3,35","444,80K","2,63%"
"22.04.2020","3,42","3,30","3,42","3,30","434,50K","3,95%"
"20.04.2020","3,29","3,25","3,32","3,21","493,60K","1,23%"
"17.04.2020","3,25","3,37","3,39","3,24","321,20K","-0,61%"
"16.04.2020","3,27","3,40","3,40","3,24","367,90K","-1,21%"
"15.04.2020","3,31","3,43","3,48","3,29","519,90K","-2,65%"
"14.04.2020","3,40","3,45","3,53","3,40","382,50K","-0,58%"
"13.04.2020","3,42","3,38","3,42","3,31","226,80K","2,40%"
"09.04.2020","3,34","3,45","3,53","3,32","466,80K","-1,76%"
"08.04.2020","3,40","3,39","3,45","3,30","263,20K","0,59%"
"07.04.2020","3,38","3,60","3,70","3,27","604,90K","-3,43%"
"06.04.2020","3,50","3,43","3,56","3,40","320,80K","2,04%"
"03.04.2020","3,43","3,42","3,50","3,35","215,20K","-2,00%"
"02.04.2020","3,50","3,25","3,50","3,25","446,90K","7,69%"
"01.04.2020","3,25","3,30","3,43","3,20","373,00K","-1,81%"
"31.03.2020","3,31","3,35","3,49","3,27","425,20K","4,42%"
"30.03.2020","3,17","3,28","3,49","3,17","756,80K","5,32%"
"27.03.2020","3,01","2,92","3,29","2,79","1,23M","5,61%"
"26.03.2020","2,85","2,94","3,03","2,85","662,40K","0,00%"
"25.03.2020","2,85","2,88","3,09","2,80","532,40K","1,79%"
"24.03.2020","2,80","2,90","3,05","2,72","668,70K","-1,75%"
"23.03.2020","2,85","2,70","2,91","2,60","473,20K","3,64%"
"20.03.2020","2,75","3,03","3,20","2,53","759,00K","-6,14%"
"19.03.2020","2,93","2,59","2,99","2,37","517,90K","13,57%"
"18.03.2020","2,58","2,80","2,80","2,45","1,04M","-9,47%"
"17.03.2020","2,85","2,90","3,15","2,80","584,20K","-0,70%"
"16.03.2020","2,87","3,22","3,22","2,75","1,30M","-11,42%"
"13.03.2020","3,24","3,50","3,60","3,12","728,60K","2,21%"
"12.03.2020","3,17","3,45","3,50","3,06","700,90K","-12,43%"
"11.03.2020","3,62","3,93","3,96","3,31","645,60K","-7,89%"
"10.03.2020","3,93","4,11","4,18","3,85","494,40K","-0,25%"
"09.03.2020","3,94","3,98","4,05","3,83","559,90K","-4,83%"
"06.03.2020","4,14","4,29","4,33","4,06","372,50K","-3,94%"
"05.03.2020","4,31","4,35","4,53","4,25","366,00K","-3,15%"
"04.03.2020","4,45","4,20","4,46","4,19","545,00K","6,21%"
"03.03.2020","4,19","4,19","4,25","4,11","436,70K","2,70%"
"02.03.2020","4,08","4,00","4,17","3,93","419,50K","5,15%"
"28.02.2020","3,88","3,90","3,95","3,75","315,70K","-0,51%"
"27.02.2020","3,90","4,06","4,07","3,90","369,00K","-3,94%"
"26.02.2020","4,06","4,18","4,22","4,03","363,60K","-6,88%"
"21.02.2020","4,36","4,25","4,41","4,21","414,20K","2,83%"
"20.02.2020","4,24","4,28","4,29","4,17","121,70K","-0,24%"
"19.02.2020","4,25","4,26","4,26","4,19","107,10K","0,95%"
"18.02.2020","4,21","4,23","4,27","4,16","194,00K","-1,64%"
"17.02.2020","4,28","4,30","4,33","4,25","104,00K","-0,47%"
"14.02.2020","4,30","4,35","4,40","4,25","107,80K","-1,15%"
"13.02.2020","4,35","4,28","4,44","4,26","127,80K","-0,91%"
"12.02.2020","4,39","4,27","4,40","4,22","261,70K","4,28%"
"11.02.2020","4,21","4,14","4,21","4,08","176,90K","3,69%"
"10.02.2020","4,06","4,16","4,21","4,05","240,40K","-2,40%"
"07.02.2020","4,16","4,30","4,30","4,16","231,20K","-2,80%"
"06.02.2020","4,28","4,28","4,40","4,26","370,90K","0,47%"
"05.02.2020","4,26","4,32","4,38","4,26","164,90K","-0,47%"
"04.02.2020","4,28","4,30","4,32","4,22","131,40K","-0,47%"
"03.02.2020","4,30","4,31","4,31","4,21","234,40K","1,18%"
"31.01.2020","4,25","4,17","4,32","4,17","190,20K","2,41%"
"30.01.2020","4,15","4,25","4,30","3,90","288,70K","-3,49%"
"29.01.2020","4,30","4,30","4,35","4,28","264,90K","0,00%"
"28.01.2020","4,30","4,26","4,35","4,20","161,10K","0,00%"
"27.01.2020","4,30","4,35","4,37","4,25","406,50K","-3,15%"
"24.01.2020","4,44","4,48","4,52","4,40","220,90K","-0,67%"
"23.01.2020","4,47","4,46","4,53","4,44","476,40K","0,68%"
"22.01.2020","4,44","4,39","4,44","4,35","365,50K","2,07%"
"21.01.2020","4,35","4,39","4,40","4,35","247,20K","-0,91%"
"20.01.2020","4,39","4,40","4,40","4,32","132,00K","-0,23%"
"17.01.2020","4,40","4,30","4,40","4,28","358,20K","2,33%"
"16.01.2020","4,30","4,35","4,35","4,26","150,20K","-0,69%"
"15.01.2020","4,33","4,36","4,36","4,26","312,30K","-0,23%"
"14.01.2020","4,34","4,36","4,36","4,30","273,80K","-0,46%"
"13.01.2020","4,36","4,35","4,39","4,29","240,20K","1,87%"
"10.01.2020","4,28","4,29","4,33","4,27","212,10K","0,00%"
"09.01.2020","4,28","4,28","4,36","4,23","233,30K","0,00%"
"08.01.2020","4,28","4,35","4,37","4,20","406,80K","-1,61%"
"07.01.2020","4,35","4,37","4,45","4,28","304,80K","0,00%"
"06.01.2020","4,35","4,33","4,40","4,30","187,30K","0,00%"
"03.01.2020","4,35","4,34","4,35","4,25","353,40K","0,23%"
"02.01.2020","4,34","4,26","4,35","4,25","349,40K","1,88%"